{
	"Version": 3,
	"FileReferences": {
		"Moc": "此账号已注销.moc3",
		"Textures": [
			"此账号已注销.4096/texture_00.png"
		],
		"Physics": "此账号已注销.physics3.json",
		"DisplayInfo": "此账号已注销.cdi3.json",
		"Expressions": [
			{
				"Name": "expression1",
				"File": "expression1.exp3.json"
			},
			{
				"Name": "expression2",
				"File": "expression2.exp3.json"
			},
			{
				"Name": "expression3",
				"File": "expression3.exp3.json"
			},
			{
				"Name": "expression4",
				"File": "expression4.exp3.json"
			},
			{
				"Name": "expression5",
				"File": "expression5.exp3.json"
			}
		]
	},
	"Groups": [
		{
			"Target": "Parameter",
			"Name": "LipSync",
			"Ids": []
		},
		{
			"Target": "Parameter",
			"Name": "EyeBlink",
			"Ids": []
		}
	],
	"HitAreas": []
}